Forest Cover in 1990,Average Population,Average Rate of Change in Population,Average GDP per capita,Average Rate of Change in GDP per capita
33.063967763588,293925203,2682088.33870968,42436.1358903333,1426.20900183333
70.4580205643839,183957515.83871,2117190.56451613,6603.5699777,197.081221166667
88.5095514950166,3337688.61290323,97564.9838709677,503.02226945,15.1266692684211
